Review_ID,Review_Text
1,"""The product is GREAT! Loved it, but it’s a bit pricey."""
2,"""Worst product ever!! Wouldn’t recommend to anyone."""
3,"""Satisfactory quality, works as expected, no major issues."""
4,"""Amazing product, I would buy it again and again!"""
5,"""The delivery was slow, but the product is good."""
6,"""Horrible experience, the product broke after just one use."""
7,"""Great value for the price! Definitely worth buying."""
8,"""The product didn’t meet my expectations, returning it."""
9,"""I’m satisfied with the purchase, but there are better options available."""
10,"""Superb product! Excellent build quality and great customer service."""
11,"""The product is just okay, nothing special, but it gets the job done."""
12,"""Fast delivery and product as described. Would buy again!"""
13,"""Not worth the money. The product feels cheap and flimsy."""
14,"""The product exceeded my expectations. Fantastic performance!"""
15,"""Terrible customer service, but the product itself is decent."""
16,"""Very happy with the product. Would definitely recommend it to others."""
17,"""Good product, but I’ve had better ones for the same price."""
18,"""I received a defective item, had to return it. Very disappointing."""
19,"""The product is excellent, but shipping took longer than expected."""
20,"""Love the product! Works as advertised and worth every penny."""
